GenericSensorType,1,ObjectType
GenericSensorType_Output,2,Variable
GenericSensorType_Output_EURange,6,Variable
GenericSensorType_Units,8,Variable
GenericActuatorType,9,ObjectType
GenericActuatorType_Input,10,Variable
GenericActuatorType_Input_EURange,14,Variable
GenericActuatorType_Output,16,Variable
GenericActuatorType_Output_EURange,20,Variable
GenericMotorType,22,ObjectType
GenericMotorType_Speed,23,Variable
GenericMotorType_Speed_EURange,27,Variable
LevelIndicatorType,29,ObjectType
LoadcellTransmitterType,37,ObjectType
LoadcellTransmitterType_ExcitationVoltage,45,Variable
LoadcellTransmitterType_ExcitationVoltage_EURange,49,Variable
ValveType,51,ObjectType
MixerMotorType,64,ObjectType
ConveyorMotorType,71,ObjectType
Silo1Type,78,ObjectType
Silo1Type_Silo1LevelIndicator,79,Object
Silo1Type_Silo1LevelIndicator_Output,80,Variable
Silo1Type_Silo1LevelIndicator_Output_EURange,84,Variable
Silo1Type_Silo1LevelIndicator_Units,86,Variable
Silo1Type_Silo1DischargeValve,87,Object
Silo1Type_Silo1DischargeValve_Input,88,Variable
Silo1Type_Silo1DischargeValve_Input_EURange,92,Variable
Silo1Type_Silo1DischargeValve_Output,94,Variable
Silo1Type_Silo1DischargeValve_Output_EURange,98,Variable
Silo2Type,100,ObjectType
Silo2Type_Silo2LevelIndicator,101,Object
Silo2Type_Silo2LevelIndicator_Output,102,Variable
Silo2Type_Silo2LevelIndicator_Output_EURange,106,Variable
Silo2Type_Silo2LevelIndicator_Units,108,Variable
Silo2Type_Silo2DischargeValve,109,Object
Silo2Type_Silo2DischargeValve_Input,110,Variable
Silo2Type_Silo2DischargeValve_Input_EURange,114,Variable
Silo2Type_Silo2DischargeValve_Output,116,Variable
Silo2Type_Silo2DischargeValve_Output_EURange,120,Variable
Silo3Type,122,ObjectType
Silo3Type_Silo3LevelIndicator,123,Object
Silo3Type_Silo3LevelIndicator_Output,124,Variable
Silo3Type_Silo3LevelIndicator_Output_EURange,128,Variable
Silo3Type_Silo3LevelIndicator_Units,130,Variable
Silo3Type_Silo3DischargeValve,131,Object
Silo3Type_Silo3DischargeValve_Input,132,Variable
Silo3Type_Silo3DischargeValve_Input_EURange,136,Variable
Silo3Type_Silo3DischargeValve_Output,138,Variable
Silo3Type_Silo3DischargeValve_Output_EURange,142,Variable
MixerType,144,ObjectType
MixerType_LoadcellTransmitter,145,Object
MixerType_LoadcellTransmitter_Output,146,Variable
MixerType_LoadcellTransmitter_Output_EURange,150,Variable
MixerType_LoadcellTransmitter_Units,152,Variable
MixerType_LoadcellTransmitter_ExcitationVoltage,153,Variable
MixerType_LoadcellTransmitter_ExcitationVoltage_EURange,157,Variable
MixerType_MixerMotor,159,Object
MixerType_MixerMotor_Speed,160,Variable
MixerType_MixerMotor_Speed_EURange,164,Variable
MixerType_MixerDischargeValve,166,Object
MixerType_MixerDischargeValve_Input,167,Variable
MixerType_MixerDischargeValve_Input_EURange,171,Variable
MixerType_MixerDischargeValve_Output,173,Variable
MixerType_MixerDischargeValve_Output_EURange,177,Variable
PackagingUnitType,179,ObjectType
PackagingUnitType_PackagingUnitLevelIndicator,180,Object
PackagingUnitType_PackagingUnitLevelIndicator_Output,181,Variable
PackagingUnitType_PackagingUnitLevelIndicator_Output_EURange,185,Variable
PackagingUnitType_PackagingUnitLevelIndicator_Units,187,Variable
ConveyorType,188,ObjectType
ConveyorType_ConveyorMotor,189,Object
ConveyorType_ConveyorMotor_Speed,190,Variable
ConveyorType_ConveyorMotor_Speed_EURange,194,Variable
BatchPlantType,196,ObjectType
BatchPlantType_Silo1,197,Object
BatchPlantType_Silo1_Silo1LevelIndicator,198,Object
BatchPlantType_Silo1_Silo1LevelIndicator_Output,199,Variable
BatchPlantType_Silo1_Silo1LevelIndicator_Output_EURange,203,Variable
BatchPlantType_Silo1_Silo1LevelIndicator_Units,205,Variable
BatchPlantType_Silo1_Silo1DischargeValve,206,Object
BatchPlantType_Silo1_Silo1DischargeValve_Input,207,Variable
BatchPlantType_Silo1_Silo1DischargeValve_Input_EURange,211,Variable
BatchPlantType_Silo1_Silo1DischargeValve_Output,213,Variable
BatchPlantType_Silo1_Silo1DischargeValve_Output_EURange,217,Variable
BatchPlantType_Silo1_DischargeValve,219,Object
BatchPlantType_Silo1_DischargeValve_Input,220,Variable
BatchPlantType_Silo2,221,Object
BatchPlantType_Silo2_Silo2LevelIndicator,222,Object
BatchPlantType_Silo2_Silo2LevelIndicator_Output,223,Variable
BatchPlantType_Silo2_Silo2LevelIndicator_Output_EURange,227,Variable
BatchPlantType_Silo2_Silo2LevelIndicator_Units,229,Variable
BatchPlantType_Silo2_Silo2DischargeValve,230,Object
BatchPlantType_Silo2_Silo2DischargeValve_Input,231,Variable
BatchPlantType_Silo2_Silo2DischargeValve_Input_EURange,235,Variable
BatchPlantType_Silo2_Silo2DischargeValve_Output,237,Variable
BatchPlantType_Silo2_Silo2DischargeValve_Output_EURange,241,Variable
BatchPlantType_Silo2_DischargeValve,243,Object
BatchPlantType_Silo2_DischargeValve_Input,244,Variable
BatchPlantType_Silo3,245,Object
BatchPlantType_Silo3_Silo3LevelIndicator,246,Object
BatchPlantType_Silo3_Silo3LevelIndicator_Output,247,Variable
BatchPlantType_Silo3_Silo3LevelIndicator_Output_EURange,251,Variable
BatchPlantType_Silo3_Silo3LevelIndicator_Units,253,Variable
BatchPlantType_Silo3_Silo3DischargeValve,254,Object
BatchPlantType_Silo3_Silo3DischargeValve_Input,255,Variable
BatchPlantType_Silo3_Silo3DischargeValve_Input_EURange,259,Variable
BatchPlantType_Silo3_Silo3DischargeValve_Output,261,Variable
BatchPlantType_Silo3_Silo3DischargeValve_Output_EURange,265,Variable
BatchPlantType_Silo3_DischargeValve,267,Object
BatchPlantType_Silo3_DischargeValve_Input,268,Variable
BatchPlantType_Mixer,269,Object
BatchPlantType_Mixer_LoadcellTransmitter,270,Object
BatchPlantType_Mixer_LoadcellTransmitter_Output,271,Variable
BatchPlantType_Mixer_LoadcellTransmitter_Output_EURange,275,Variable
BatchPlantType_Mixer_LoadcellTransmitter_Units,277,Variable
BatchPlantType_Mixer_LoadcellTransmitter_ExcitationVoltage,278,Variable
BatchPlantType_Mixer_LoadcellTransmitter_ExcitationVoltage_EURange,282,Variable
BatchPlantType_Mixer_MixerMotor,284,Object
BatchPlantType_Mixer_MixerMotor_Speed,285,Variable
BatchPlantType_Mixer_MixerMotor_Speed_EURange,289,Variable
BatchPlantType_Mixer_MixerDischargeValve,291,Object
BatchPlantType_Mixer_MixerDischargeValve_Input,292,Variable
BatchPlantType_Mixer_MixerDischargeValve_Input_EURange,296,Variable
BatchPlantType_Mixer_MixerDischargeValve_Output,298,Variable
BatchPlantType_Mixer_MixerDischargeValve_Output_EURange,302,Variable
BatchPlantType_Mixer_DischargeValve,304,Object
BatchPlantType_Mixer_DischargeValve_Input,305,Variable
BatchPlantType_PackagingUnit,306,Object
BatchPlantType_PackagingUnit_PackagingUnitLevelIndicator,307,Object
BatchPlantType_PackagingUnit_PackagingUnitLevelIndicator_Output,308,Variable
BatchPlantType_PackagingUnit_PackagingUnitLevelIndicator_Output_EURange,312,Variable
BatchPlantType_PackagingUnit_PackagingUnitLevelIndicator_Units,314,Variable
BatchPlantType_Conveyor,315,Object
BatchPlantType_Conveyor_ConveyorMotor,316,Object
BatchPlantType_Conveyor_ConveyorMotor_Speed,317,Variable
BatchPlantType_Conveyor_ConveyorMotor_Speed_EURange,321,Variable
BatchPlantType_StartProcess,323,Method
BatchPlantType_StopProcess,324,Method
BatchPlant1,325,Object
BatchPlant1_Silo1,326,Object
BatchPlant1_Silo1_Silo1LevelIndicator,327,Object
BatchPlant1_Silo1_Silo1LevelIndicator_Output,328,Variable
BatchPlant1_Silo1_Silo1LevelIndicator_Output_EURange,332,Variable
BatchPlant1_Silo1_Silo1LevelIndicator_Units,334,Variable
BatchPlant1_Silo1_Silo1DischargeValve,335,Object
BatchPlant1_Silo1_Silo1DischargeValve_Input,336,Variable
BatchPlant1_Silo1_Silo1DischargeValve_Input_EURange,340,Variable
BatchPlant1_Silo1_Silo1DischargeValve_Output,342,Variable
BatchPlant1_Silo1_Silo1DischargeValve_Output_EURange,346,Variable
BatchPlant1_Silo1_DischargeValve,348,Object
BatchPlant1_Silo1_DischargeValve_Input,349,Variable
BatchPlant1_Silo2,350,Object
BatchPlant1_Silo2_Silo2LevelIndicator,351,Object
BatchPlant1_Silo2_Silo2LevelIndicator_Output,352,Variable
BatchPlant1_Silo2_Silo2LevelIndicator_Output_EURange,356,Variable
BatchPlant1_Silo2_Silo2LevelIndicator_Units,358,Variable
BatchPlant1_Silo2_Silo2DischargeValve,359,Object
BatchPlant1_Silo2_Silo2DischargeValve_Input,360,Variable
BatchPlant1_Silo2_Silo2DischargeValve_Input_EURange,364,Variable
BatchPlant1_Silo2_Silo2DischargeValve_Output,366,Variable
BatchPlant1_Silo2_Silo2DischargeValve_Output_EURange,370,Variable
BatchPlant1_Silo2_DischargeValve,372,Object
BatchPlant1_Silo2_DischargeValve_Input,373,Variable
BatchPlant1_Silo3,374,Object
BatchPlant1_Silo3_Silo3LevelIndicator,375,Object
BatchPlant1_Silo3_Silo3LevelIndicator_Output,376,Variable
BatchPlant1_Silo3_Silo3LevelIndicator_Output_EURange,380,Variable
BatchPlant1_Silo3_Silo3LevelIndicator_Units,382,Variable
BatchPlant1_Silo3_Silo3DischargeValve,383,Object
BatchPlant1_Silo3_Silo3DischargeValve_Input,384,Variable
BatchPlant1_Silo3_Silo3DischargeValve_Input_EURange,388,Variable
BatchPlant1_Silo3_Silo3DischargeValve_Output,390,Variable
BatchPlant1_Silo3_Silo3DischargeValve_Output_EURange,394,Variable
BatchPlant1_Silo3_DischargeValve,396,Object
BatchPlant1_Silo3_DischargeValve_Input,397,Variable
BatchPlant1_Mixer,398,Object
BatchPlant1_Mixer_LoadcellTransmitter,399,Object
BatchPlant1_Mixer_LoadcellTransmitter_Output,400,Variable
BatchPlant1_Mixer_LoadcellTransmitter_Output_EURange,404,Variable
BatchPlant1_Mixer_LoadcellTransmitter_Units,406,Variable
BatchPlant1_Mixer_LoadcellTransmitter_ExcitationVoltage,407,Variable
BatchPlant1_Mixer_LoadcellTransmitter_ExcitationVoltage_EURange,411,Variable
BatchPlant1_Mixer_MixerMotor,413,Object
BatchPlant1_Mixer_MixerMotor_Speed,414,Variable
BatchPlant1_Mixer_MixerMotor_Speed_EURange,418,Variable
BatchPlant1_Mixer_MixerDischargeValve,420,Object
BatchPlant1_Mixer_MixerDischargeValve_Input,421,Variable
BatchPlant1_Mixer_MixerDischargeValve_Input_EURange,425,Variable
BatchPlant1_Mixer_MixerDischargeValve_Output,427,Variable
BatchPlant1_Mixer_MixerDischargeValve_Output_EURange,431,Variable
BatchPlant1_Mixer_DischargeValve,433,Object
BatchPlant1_Mixer_DischargeValve_Input,434,Variable
BatchPlant1_PackagingUnit,435,Object
BatchPlant1_PackagingUnit_PackagingUnitLevelIndicator,436,Object
BatchPlant1_PackagingUnit_PackagingUnitLevelIndicator_Output,437,Variable
BatchPlant1_PackagingUnit_PackagingUnitLevelIndicator_Output_EURange,441,Variable
BatchPlant1_PackagingUnit_PackagingUnitLevelIndicator_Units,443,Variable
BatchPlant1_Conveyor,444,Object
BatchPlant1_Conveyor_ConveyorMotor,445,Object
BatchPlant1_Conveyor_ConveyorMotor_Speed,446,Variable
BatchPlant1_Conveyor_ConveyorMotor_Speed_EURange,450,Variable
BatchPlant1_StartProcess,452,Method
BatchPlant1_StopProcess,453,Method
